Subject,Predicate,Object
gopro hero,EXPERIENCING,Unable_to_connect_to_WiFi
gopro hero,REQUIRED_ACTION,Follow_the_troubleshooting_steps_in_the_user_manual_or_contact_support
lg smart tv,EXPERIENCING,Intermittent performance issues
lg smart tv,REQUIRED_ACTION,Troubleshooting to identify the cause of intermittent problems
dell xps,EXPERIENCING,Not turning on
Microsoft Office,EXPERIENCING,"Specific problem: ""an issue"""
Microsoft Office,REQUIRED_ACTION,"Specific action: ""check out the feedback"""
autodesk autocad,EXPERIENCING,Sudden decrease in battery life
autodesk autocad,REQUIRED_ACTION,Determine and resolve the cause of sudden battery drain
